TestNumber,Site,TestFlag,Result,TestName,LoLimit,HiLimit,Units,LoSpec,HiSpec
10003,0,0,-679.427978515625,OS_MDN<0>-10003,-800.0,-200.0,mV,-800.0,-200.0
10004,0,0,-677.3799438476562,OS_MCP-10004,-800.0,-200.0,mV,-800.0,-200.0
10005,0,0,-678.1489868164062,OS_MCN-10005,-800.0,-200.0,mV,-800.0,-200.0
