Site,TestNumber,Result,TestFlag,TestName,Units,LoLimit,HiLimit
0,10003,-679.427978515625,0,OS_MDN<0>-10003,,-800.0,-200.0
0,10004,-677.3799438476562,0,OS_MCP-10004,,-800.0,-200.0
0,10005,-678.1489868164062,0,OS_MCN-10005,,-800.0,-200.0
